{
   "dashboards": [{
      "autoswitchEnabled": false,
      "columnCount": 1,
      "columnProportion": "1-1",
      "creationTime": 1584798836740,
      "dashboardNavigations": {},
      "description": "",
      "disabled": false,
      "gridsterMaxColumns": 12,
      "hidden": false,
      "homeTab": false,
      "id": "811358f6-1515-4eee-8262-339c3c5847cd",
      "importAttempts": 0,
      "importComplete": true,
      "isDefault": false,
      "locked": false,
      "name": "Custom Dashboards/VMware Tools Summary",
      "namePath": "Custom Dashboards",
      "rank": 725,
      "shared": false,
      "states": [],
      "temporary": false,
      "userId": "37275519-dcc9-47c7-b117-6dbbf4e623ef",
      "widgetInteractions": [
         {
            "type": "resourceId",
            "widgetIdProvider": "76b39934-45ae-4cae-8478-945b98da8b15",
            "widgetIdReceiver": "57ee24b5-7c80-4510-a2dc-ab9372742402"
         },
         {
            "type": "resourceId",
            "widgetIdProvider": "76b39934-45ae-4cae-8478-945b98da8b15",
            "widgetIdReceiver": "fcecb2a5-99b4-417c-912c-73f12a827bcd"
         },
         {
            "type": "resourceId",
            "widgetIdProvider": "76b39934-45ae-4cae-8478-945b98da8b15",
            "widgetIdReceiver": "f9e0518b-657f-4098-aae3-67c894e85a0a"
         },
         {
            "type": "resourceId",
            "widgetIdProvider": "76b39934-45ae-4cae-8478-945b98da8b15",
            "widgetIdReceiver": "985812e4-3315-4944-889f-00213e10add5"
         },
         {
            "type": "resourceId",
            "widgetIdProvider": "76b39934-45ae-4cae-8478-945b98da8b15",
            "widgetIdReceiver": "9be3d646-6ba7-4649-8f51-b258f55f6351"
         }
      ],
      "widgets": [
         {
            "collapsed": false,
            "config": {
               "additionalColumns": [
                  {
                     "boxLabel": "Version",
                     "metricKey": "summary|version",
                     "metricName": "Summary|Version",
                     "resourceKindId": "resourceKind:id:0_::_"
                  },
                  {
                     "boxLabel": "Total Datacenters",
                     "metricKey": "summary|total_number_datacenters",
                     "metricName": "Summary|Total Number of Datacenters",
                     "resourceKindId": "resourceKind:id:0_::_"
                  },
                  {
                     "boxLabel": "Total Clusters",
                     "metricKey": "summary|total_number_clusters",
                     "metricName": "Summary|Total Number of Clusters",
                     "resourceKindId": "resourceKind:id:0_::_"
                  },
                  {
                     "boxLabel": "Total ESXi Hosts",
                     "metricKey": "summary|total_number_hosts",
                     "metricName": "Summary|Total Number of Hosts",
                     "resourceKindId": "resourceKind:id:0_::_"
                  },
                  {
                     "boxLabel": "Total VMs",
                     "metricKey": "summary|total_number_vms",
                     "metricName": "Summary|Total Number of VMs",
                     "resourceKindId": "resourceKind:id:0_::_"
                  },
                  {
                     "boxLabel": "Total Datastores",
                     "metricKey": "summary|total_number_datastores",
                     "metricName": "Summary|Total Number of Datastores",
                     "resourceKindId": "resourceKind:id:0_::_"
                  }
               ],
               "customFilter": {
                  "excludedResources": null,
                  "filter": [],
                  "includedResources": null
               },
               "depth": 1,
               "filterMode": "tagPicker",
               "mode": "all",
               "refreshContent": {"refreshContent": true},
               "refreshInterval": 300,
               "relationshipMode": {"relationshipMode": 0},
               "resource": [],
               "selectFirstRow": {"selectFirstRow": true},
               "selfProvider": {"selfProvider": true},
               "tagFilter": {
                  "path": ["/source/kind/kind:resourceKind:id:0_::_"],
                  "value": {
                     "adapterInstance": [],
                     "adapterKind": [],
                     "bus": [],
                     "collector": [],
                     "day": [],
                     "exclaim": false,
                     "healthRange": [],
                     "kind": ["resourceKind:id:0_::_"],
                     "maintenanceSchedule": [],
                     "state": [],
                     "status": [],
                     "tag": [],
                     "tier": []
                  }
               },
               "title": "VMware vCenters"
            },
            "gridsterCoords": {
               "h": 6,
               "w": 8,
               "x": 1,
               "y": 1
            },
            "height": 324,
            "id": "76b39934-45ae-4cae-8478-945b98da8b15",
            "states": [{
               "key": "permResGrid_widget_811358f6-1515-4eee-8262-339c3c5847cd_76b39934-45ae-4cae-8478-945b98da8b15",
               "value": "o%3Acolumns%3Da%253Ao%25253Aid%25253Ds%2525253Ah1%25255Ehidden%25253Db%2525253A1%25255Ewidth%25253Dn%2525253A100%255Eo%25253Aid%25253Ds%2525253Ah2%255Eo%25253Aid%25253Ds%2525253Ah3%25255Ehidden%25253Db%2525253A1%25255Ewidth%25253Dn%2525253A100%255Eo%25253Aid%25253Ds%2525253Ah4%25255Ehidden%25253Db%2525253A1%255Eo%25253Aid%25253Ds%2525253Ah5%25255Ehidden%25253Db%2525253A1%255Eo%25253Aid%25253Ds%2525253Ah6%25255Ehidden%25253Db%2525253A1%255Eo%25253Aid%25253Ds%2525253Ah7%25255Ehidden%25253Db%2525253A1%25255Ewidth%25253Dn%2525253A100%255Eo%25253Aid%25253Ds%2525253Ah8%25255Ehidden%25253Db%2525253A1%25255Ewidth%25253Dn%2525253A100%255Eo%25253Aid%25253Ds%2525253Ah9%25255Ehidden%25253Db%2525253A1%25255Ewidth%25253Dn%2525253A100%255Eo%25253Aid%25253Ds%2525253Ah10%25255Ehidden%25253Db%2525253A1%25255Ewidth%25253Dn%2525253A100%255Eo%25253Aid%25253Ds%2525253Ah11%25255Ehidden%25253Db%2525253A1%25255Ewidth%25253Dn%2525253A100%255Eo%25253Aid%25253Ds%2525253Ah12%25255Ehidden%25253Db%2525253A1%25255Ewidth%25253Dn%2525253A100%255Eo%25253Aid%25253Ds%2525253Ah13%25255Ehidden%25253Db%2525253A1%25255Ewidth%25253Dn%2525253A100%255Eo%25253Aid%25253Ds%2525253Ah14%25255Ewidth%25253Dn%2525253A176.525390625%255Eo%25253Aid%25253Ds%2525253Ah15%25255Ehidden%25253Db%2525253A0%25255Ewidth%25253Dn%2525253A215.115234375%255Eo%25253Aid%25253Ds%2525253Ah16%25255Ehidden%25253Db%2525253A1%25255Ewidth%25253Dn%2525253A100%255Eo%25253Aid%25253Ds%2525253Ah17%25255Ehidden%25253Db%2525253A0%25255Ewidth%25253Dn%2525253A168.298828125%255Eo%25253Aid%25253Ds%2525253Ah18%25255Ehidden%25253Db%2525253A0%25255Ewidth%25253Dn%2525253A177.44140625%255Eo%25253Aid%25253Ds%2525253Ah19%25255Ehidden%25253Db%2525253A0%25255Ewidth%25253Dn%2525253A172.017578125%255Eo%25253Aid%25253Ds%2525253Ah20%25255Ehidden%25253Db%2525253A0%25255Ewidth%25253Dn%2525253A172.833984375%255Eo%25253Aid%25253Ds%2525253Ah21%25255Ehidden%25253Db%2525253A0%25255Ewidth%25253Dn%2525253A131.353515625%255Eo%25253Aid%25253Ds%2525253Ah22%25255Ehidden%25253Db%2525253A0%25255Ewidth%25253Dn%2525253A177.42578125%255Eo%25253Aid%25253Ds%2525253Ah23%25255Ehidden%25253Db%2525253A1%25255Ewidth%25253Dn%2525253A100%255Eo%25253Aid%25253Ds%2525253Ah24%25255Ehidden%25253Db%2525253A1%25255Ewidth%25253Dn%2525253A100%255Eo%25253Aid%25253Ds%2525253Ah25%25255Ehidden%25253Db%2525253A1%25255Ewidth%25253Dn%2525253A100%255Eo%25253Aid%25253Ds%2525253Ah26%25255Ehidden%25253Db%2525253A1%25255Ewidth%25253Dn%2525253A100%255Eo%25253Aid%25253Ds%2525253Ah27%25255Ehidden%25253Db%2525253A1%25255Ewidth%25253Dn%2525253A100%255Eo%25253Aid%25253Ds%2525253Ah28%25255Ehidden%25253Db%2525253A1%25255Ewidth%25253Dn%2525253A100%255Eo%25253Aid%25253Ds%2525253Ah29%25255Ehidden%25253Db%2525253A1%25255Ewidth%25253Dn%2525253A100%255Eo%25253Aid%25253Ds%2525253Ah30%25255Ehidden%25253Db%2525253A1%25255Ewidth%25253Dn%2525253A100%255Eo%25253Aid%25253Ds%2525253Ah31%25255Ehidden%25253Db%2525253A1%25255Ewidth%25253Dn%2525253A100%255Eo%25253Aid%25253Ds%2525253Ah32%25255Ehidden%25253Db%2525253A1%25255Ewidth%25253Dn%2525253A100%255Eo%25253Aid%25253Ds%2525253Ah33%25255Ehidden%25253Db%2525253A1%25255Ewidth%25253Dn%2525253A100%255Eo%25253Aid%25253Ds%2525253Ah34%25255Ehidden%25253Db%2525253A1%25255Ewidth%25253Dn%2525253A100%255Eo%25253Aid%25253Ds%2525253Ah35%25255Ehidden%25253Db%2525253A1%25255Ewidth%25253Dn%2525253A100%255Eo%25253Aid%25253Ds%2525253Ah36%25255Ehidden%25253Db%2525253A1%25255Ewidth%25253Dn%2525253A100%255Eo%25253Aid%25253Ds%2525253Ah37%25255Ehidden%25253Db%2525253A1%25255Ewidth%25253Dn%2525253A100%255Eo%25253Aid%25253Ds%2525253Ah38%25255Ehidden%25253Db%2525253A1%25255Ewidth%25253Dn%2525253A100%255Eo%25253Aid%25253Ds%2525253Ah39%25255Ehidden%25253Db%2525253A1%25255Ewidth%25253Dn%2525253A100%255Eo%25253Aid%25253Ds%2525253Ah40%25255Ehidden%25253Db%2525253A1%25255Ewidth%25253Dn%2525253A100%255Eo%25253Aid%25253Ds%2525253Ah41%25255Ehidden%25253Db%2525253A1%25255Ewidth%25253Dn%2525253A100%255Eo%25253Aid%25253Ds%2525253Ah42%25255Ehidden%25253Db%2525253A1%25255Ewidth%25253Dn%2525253A100%255Eo%25253Aid%25253Ds%2525253Ah43%25255Ehidden%25253Db%2525253A1%25255Ewidth%25253Dn%2525253A100%255Eo%25253Aid%25253Ds%2525253Ah44%25255Ehidden%25253Db%2525253A1%25255Ewidth%25253Dn%2525253A100%255Eo%25253Aid%25253Ds%2525253Ah45%25255Ehidden%25253Db%2525253A1%25255Ewidth%25253Dn%2525253A100%255Eo%25253Aid%25253Ds%2525253Ah46%25255Ehidden%25253Db%2525253A1%25255Ewidth%25253Dn%2525253A100"
            }],
            "title": "VMware vCenters",
            "type": "ResourceList"
         },
         {
            "collapsed": false,
            "config": {
               "chartViewItems": [
                  "legend",
                  "labels",
                  "title"
               ],
               "isUpdatedView": true,
               "refreshContent": {"refreshContent": true},
               "refreshInterval": 300,
               "resource": null,
               "selectFirstRow": {"selectFirstRow": false},
               "selfProvider": {"selfProvider": false},
               "title": "VMware Tools Status (for selected vCenter)",
               "traversalSpecId": "",
               "viewDefinitionId": "bf66b320-3bf9-4bf7-9b62-6f9bf77acb10"
            },
            "gridsterCoords": {
               "h": 8,
               "w": 4,
               "x": 1,
               "y": 7
            },
            "height": 438,
            "id": "57ee24b5-7c80-4510-a2dc-ab9372742402",
            "title": "VMware Tools Status (for selected vCenter)",
            "type": "View"
         },
         {
            "collapsed": false,
            "config": {
               "chartViewItems": [
                  "legend",
                  "labels",
                  "title"
               ],
               "isUpdatedView": true,
               "refreshContent": {"refreshContent": true},
               "refreshInterval": 300,
               "resource": null,
               "selectFirstRow": {"selectFirstRow": false},
               "selfProvider": {"selfProvider": false},
               "title": "VMware Tools State (for selected vCenter)",
               "traversalSpecId": "",
               "viewDefinitionId": "1e8bcab8-9bd9-4a28-aefd-633a3a5f0ac3"
            },
            "gridsterCoords": {
               "h": 8,
               "w": 4,
               "x": 5,
               "y": 7
            },
            "height": 438,
            "id": "fcecb2a5-99b4-417c-912c-73f12a827bcd",
            "title": "VMware Tools State (for selected vCenter)",
            "type": "View"
         },
         {
            "collapsed": false,
            "config": {
               "chartViewItems": [
                  "legend",
                  "labels",
                  "title"
               ],
               "isUpdatedView": true,
               "refreshContent": {"refreshContent": true},
               "refreshInterval": 300,
               "resource": null,
               "selectFirstRow": {"selectFirstRow": false},
               "selfProvider": {"selfProvider": false},
               "title": "View",
               "traversalSpecId": "",
               "viewDefinitionId": "f1474ada-0abe-4e6b-937a-ec4e7d82e420"
            },
            "gridsterCoords": {
               "h": 8,
               "w": 4,
               "x": 9,
               "y": 7
            },
            "height": 438,
            "id": "f9e0518b-657f-4098-aae3-67c894e85a0a",
            "title": "View",
            "type": "View"
         },
         {
            "collapsed": false,
            "config": {
               "chartViewItems": ["labels"],
               "isUpdatedView": true,
               "refreshContent": {"refreshContent": true},
               "refreshInterval": 300,
               "resource": null,
               "selectFirstRow": {"selectFirstRow": false},
               "selfProvider": {"selfProvider": false},
               "title": "VMware Tools Versions (for selected vCenter)",
               "traversalSpecId": "",
               "viewDefinitionId": "608b1955-bedf-4368-868f-94e769151bef"
            },
            "gridsterCoords": {
               "h": 6,
               "w": 4,
               "x": 9,
               "y": 1
            },
            "height": 324,
            "id": "985812e4-3315-4944-889f-00213e10add5",
            "title": "VMware Tools Versions (for selected vCenter)",
            "type": "View"
         },
         {
            "collapsed": false,
            "config": {
               "additionalColumns": [
                  {
                     "boxLabel": "Cluster",
                     "metricKey": "summary|parentCluster",
                     "metricName": "Summary|Parent Cluster",
                     "resourceKindId": "resourceKind:id:1_::_"
                  },
                  {
                     "boxLabel": "Datacenter",
                     "metricKey": "summary|parentDatacenter",
                     "metricName": "Summary|Parent Datacenter",
                     "resourceKindId": "resourceKind:id:1_::_"
                  },
                  {
                     "boxLabel": "Datastore(s)",
                     "metricKey": "summary|datastore",
                     "metricName": "Summary|Datastore(s)",
                     "resourceKindId": "resourceKind:id:1_::_"
                  },
                  {
                     "boxLabel": "Disk (GB)",
                     "metricKey": "config|hardware|diskSpace",
                     "metricName": "Configuration|Hardware|Disk Space (GB)",
                     "resourceKindId": "resourceKind:id:1_::_"
                  },
                  {
                     "boxLabel": "ESXi Host",
                     "metricKey": "summary|parentHost",
                     "metricName": "Summary|Parent Host",
                     "resourceKindId": "resourceKind:id:1_::_"
                  },
                  {
                     "boxLabel": "IP",
                     "metricKey": "summary|guest|ipAddress",
                     "metricName": "Summary|Guest Operating System|Guest OS IP Address",
                     "resourceKindId": "resourceKind:id:1_::_"
                  },
                  {
                     "boxLabel": "Memory (KB)",
                     "metricKey": "config|hardware|memoryKB",
                     "metricName": "Configuration|Hardware|Memory (KB)",
                     "resourceKindId": "resourceKind:id:1_::_"
                  },
                  {
                     "boxLabel": "Memory Hot Add",
                     "metricKey": "config|extraConfig|mem_hotadd",
                     "metricName": "Configuration|Extra Configuration|Memory Hot Add",
                     "resourceKindId": "resourceKind:id:1_::_"
                  },
                  {
                     "boxLabel": "OS",
                     "metricKey": "summary|guest|fullName",
                     "metricName": "Summary|Guest Operating System|Guest OS Full Name",
                     "resourceKindId": "resourceKind:id:1_::_"
                  },
                  {
                     "boxLabel": "VMware Tool Version",
                     "metricKey": "summary|guest|toolsVersion",
                     "metricName": "Summary|Guest Operating System|Tools Version",
                     "resourceKindId": "resourceKind:id:1_::_"
                  },
                  {
                     "boxLabel": "VMware Tools Status",
                     "metricKey": "summary|guest|toolsRunningStatus",
                     "metricName": "Summary|Guest Operating System|Tools Running Status",
                     "resourceKindId": "resourceKind:id:1_::_"
                  },
                  {
                     "boxLabel": "VMware Tools Version Status",
                     "metricKey": "summary|guest|toolsVersionStatus2",
                     "metricName": "Summary|Guest Operating System|Tools Version Status",
                     "resourceKindId": "resourceKind:id:1_::_"
                  },
                  {
                     "boxLabel": "vCPU Hot Add",
                     "metricKey": "config|extraConfig|vcpu_hotadd",
                     "metricName": "Configuration|Extra Configuration|vCPU Hot Add",
                     "resourceKindId": "resourceKind:id:1_::_"
                  },
                  {
                     "boxLabel": "vCPUs",
                     "metricKey": "config|hardware|numCpu",
                     "metricName": "Configuration|Hardware|Number of virtual CPUs",
                     "resourceKindId": "resourceKind:id:1_::_"
                  }
               ],
               "customFilter": {
                  "excludedResources": null,
                  "filter": [],
                  "includedResources": null
               },
               "depth": 4,
               "filterMode": "tagPicker",
               "mode": "all",
               "refreshContent": {"refreshContent": true},
               "refreshInterval": 300,
               "relationshipMode": {"relationshipMode": -1},
               "resource": [],
               "selectFirstRow": {"selectFirstRow": true},
               "selfProvider": {"selfProvider": false},
               "tagFilter": {
                  "path": ["/source/kind/kind:resourceKind:id:1_::_"],
                  "value": {
                     "adapterInstance": [],
                     "adapterKind": [],
                     "bus": [],
                     "collector": [],
                     "day": [],
                     "exclaim": false,
                     "healthRange": [],
                     "kind": ["resourceKind:id:1_::_"],
                     "maintenanceSchedule": [],
                     "state": [],
                     "status": [],
                     "tag": [],
                     "tier": []
                  }
               },
               "title": "VMs (in selected vCenter)"
            },
            "gridsterCoords": {
               "h": 9,
               "w": 12,
               "x": 1,
               "y": 15
            },
            "height": 495,
            "id": "9be3d646-6ba7-4649-8f51-b258f55f6351",
            "states": [{
               "key": "permResGrid_widget_811358f6-1515-4eee-8262-339c3c5847cd_9be3d646-6ba7-4649-8f51-b258f55f6351",
               "value": "o%3Acolumns%3Da%253Ao%25253Aid%25253Ds%2525253Ah1%25255Ehidden%25253Db%2525253A1%25255Ewidth%25253Dn%2525253A100%255Eo%25253Aid%25253Ds%2525253Ah2%255Eo%25253Aid%25253Ds%2525253Ah3%25255Ehidden%25253Db%2525253A1%25255Ewidth%25253Dn%2525253A100%255Eo%25253Aid%25253Ds%2525253Ah4%25255Ehidden%25253Db%2525253A1%255Eo%25253Aid%25253Ds%2525253Ah5%25255Ehidden%25253Db%2525253A1%255Eo%25253Aid%25253Ds%2525253Ah6%25255Ehidden%25253Db%2525253A1%255Eo%25253Aid%25253Ds%2525253Ah7%25255Ehidden%25253Db%2525253A1%25255Ewidth%25253Dn%2525253A100%255Eo%25253Aid%25253Ds%2525253Ah8%25255Ehidden%25253Db%2525253A1%25255Ewidth%25253Dn%2525253A100%255Eo%25253Aid%25253Ds%2525253Ah9%25255Ehidden%25253Db%2525253A1%25255Ewidth%25253Dn%2525253A100%255Eo%25253Aid%25253Ds%2525253Ah10%25255Ehidden%25253Db%2525253A1%25255Ewidth%25253Dn%2525253A100%255Eo%25253Aid%25253Ds%2525253Ah11%25255Ehidden%25253Db%2525253A1%25255Ewidth%25253Dn%2525253A100%255Eo%25253Aid%25253Ds%2525253Ah12%25255Ehidden%25253Db%2525253A1%25255Ewidth%25253Dn%2525253A100%255Eo%25253Aid%25253Ds%2525253Ah13%25255Ehidden%25253Db%2525253A1%25255Ewidth%25253Dn%2525253A100%255Eo%25253Aid%25253Ds%2525253Ah14%255Eo%25253Aid%25253Ds%2525253Ah15%25255Ehidden%25253Db%2525253A0%255Eo%25253Aid%25253Ds%2525253Ah16%25255Ehidden%25253Db%2525253A1%25255Ewidth%25253Dn%2525253A100%255Eo%25253Aid%25253Ds%2525253Ah30%25255Ehidden%25253Db%2525253A0%25255Ewidth%25253Dn%2525253A100%255Eo%25253Aid%25253Ds%2525253Ah29%25255Ehidden%25253Db%2525253A0%25255Ewidth%25253Dn%2525253A137.626953125%255Eo%25253Aid%25253Ds%2525253Ah23%25255Ehidden%25253Db%2525253A0%25255Ewidth%25253Dn%2525253A113.05859375%255Eo%25253Aid%25253Ds%2525253Ah24%25255Ehidden%25253Db%2525253A0%25255Ewidth%25253Dn%2525253A145.13671875%255Eo%25253Aid%25253Ds%2525253Ah20%25255Ehidden%25253Db%2525253A0%25255Ewidth%25253Dn%2525253A100%255Eo%25253Aid%25253Ds%2525253Ah22%25255Ehidden%25253Db%2525253A0%25255Ewidth%25253Dn%2525253A100%255Eo%25253Aid%25253Ds%2525253Ah25%25255Ehidden%25253Db%2525253A0%25255Ewidth%25253Dn%2525253A310.857421875%255Eo%25253Aid%25253Ds%2525253Ah26%25255Ehidden%25253Db%2525253A0%25255Ewidth%25253Dn%2525253A174.548828125%255Eo%25253Aid%25253Ds%2525253Ah27%25255Ehidden%25253Db%2525253A0%25255Ewidth%25253Dn%2525253A174.61328125%255Eo%25253Aid%25253Ds%2525253Ah28%25255Ehidden%25253Db%2525253A0%25255Ewidth%25253Dn%2525253A207.3046875%255Eo%25253Aid%25253Ds%2525253Ah17%25255Ehidden%25253Db%2525253A0%25255Ewidth%25253Dn%2525253A109.810546875%255Eo%25253Aid%25253Ds%2525253Ah18%25255Ehidden%25253Db%2525253A0%25255Ewidth%25253Dn%2525253A135.306640625%255Eo%25253Aid%25253Ds%2525253Ah19%25255Ehidden%25253Db%2525253A0%25255Ewidth%25253Dn%2525253A132.478515625%255Eo%25253Aid%25253Ds%2525253Ah21%25255Ehidden%25253Db%2525253A0%25255Ewidth%25253Dn%2525253A127.962890625%255Eo%25253Aid%25253Ds%2525253Ah31%25255Ehidden%25253Db%2525253A1%25255Ewidth%25253Dn%2525253A100%255Eo%25253Aid%25253Ds%2525253Ah32%25255Ehidden%25253Db%2525253A1%25255Ewidth%25253Dn%2525253A100%255Eo%25253Aid%25253Ds%2525253Ah33%25255Ehidden%25253Db%2525253A1%25255Ewidth%25253Dn%2525253A100%255Eo%25253Aid%25253Ds%2525253Ah34%25255Ehidden%25253Db%2525253A1%25255Ewidth%25253Dn%2525253A100%255Eo%25253Aid%25253Ds%2525253Ah35%25255Ehidden%25253Db%2525253A1%25255Ewidth%25253Dn%2525253A100%255Eo%25253Aid%25253Ds%2525253Ah36%25255Ehidden%25253Db%2525253A1%25255Ewidth%25253Dn%2525253A100%255Eo%25253Aid%25253Ds%2525253Ah37%25255Ehidden%25253Db%2525253A1%25255Ewidth%25253Dn%2525253A100%255Eo%25253Aid%25253Ds%2525253Ah38%25255Ehidden%25253Db%2525253A1%25255Ewidth%25253Dn%2525253A100%255Eo%25253Aid%25253Ds%2525253Ah39%25255Ehidden%25253Db%2525253A1%25255Ewidth%25253Dn%2525253A100%255Eo%25253Aid%25253Ds%2525253Ah40%25255Ehidden%25253Db%2525253A1%25255Ewidth%25253Dn%2525253A100%255Eo%25253Aid%25253Ds%2525253Ah41%25255Ehidden%25253Db%2525253A1%25255Ewidth%25253Dn%2525253A100%255Eo%25253Aid%25253Ds%2525253Ah42%25255Ehidden%25253Db%2525253A1%25255Ewidth%25253Dn%2525253A100%255Eo%25253Aid%25253Ds%2525253Ah43%25255Ehidden%25253Db%2525253A1%25255Ewidth%25253Dn%2525253A100%255Eo%25253Aid%25253Ds%2525253Ah44%25255Ehidden%25253Db%2525253A1%25255Ewidth%25253Dn%2525253A100%255Eo%25253Aid%25253Ds%2525253Ah45%25255Ehidden%25253Db%2525253A1%25255Ewidth%25253Dn%2525253A100%255Eo%25253Aid%25253Ds%2525253Ah46%25255Ehidden%25253Db%2525253A1%25255Ewidth%25253Dn%2525253A100"
            }],
            "title": "VMs (in selected vCenter)",
            "type": "ResourceList"
         }
      ]
   }],
   "entries": {"resourceKind": [
      {
         "adapterKindKey": "VMWARE",
         "internalId": "resourceKind:id:0_::_",
         "resourceKindKey": "VMwareAdapter Instance"
      },
      {
         "adapterKindKey": "VMWARE",
         "internalId": "resourceKind:id:1_::_",
         "resourceKindKey": "VirtualMachine"
      }
   ]},
   "uuid": "b9f31a22-2dc7-49ff-8830-4bbdfe63c862"
}