<?xml version="1.0" encoding="UTF-8" standalone="yes"?>
<Content>
    <Views>
        <ViewDef id="608b1955-bedf-4368-868f-94e769151bef">
            <Title>VMware Tools Version Bar Chart</Title>
            <Description>VMware Tools Version Bar Chart</Description>
            <SubjectType adapterKind="VMWARE" resourceKind="VirtualMachine" type="descendant"/>
            <Usage>dashboard</Usage>
            <Usage>report</Usage>
            <Usage>details</Usage>
            <Usage>content</Usage>
            <Controls>
                <Control id="time-interval-selector_id_7" type="time-interval-selector" visible="false">
                    <Property name="advancedTimeMode" value="false"/>
                    <Property name="unit" value="DAYS"/>
                    <Property name="count" value="7"/>
                </Control>
                <Control id="attributes-selector_id_8" type="attributes-selector" visible="false">
                    <Property name="attributeInfos">
                        <List>
                            <Item>
<Value>
    <Property name="objectType" value="RESOURCE"/>
    <Property name="attributeKey" value="summary|guest|toolsVersion"/>
    <Property name="isStringAttribute" value="true"/>
    <Property name="adapterKind" value="VMWARE"/>
    <Property name="resourceKind" value="VirtualMachine"/>
    <Property name="rollUpCount" value="0"/>
    <Property name="isProperty" value="true"/>
</Value>
                            </Item>
                        </List>
                    </Property>
                </Control>
                <Control id="buckets-control_id_9" type="buckets-control" visible="false">
                    <Property name="dynamicCalcFunction" value="DISCRETE"/>
                    <Property name="isDynamic" value="true"/>
                </Control>
                <Control id="metadata_id_10" type="metadata" visible="false">
                    <Property name="maxPointsCount" value="5000"/>
                    <Property name="distributionColor" value="F54F47"/>
                    <Property name="hideObjectNameColumn" value="false"/>
                    <Property name="listTopResultSize" value="-1"/>
                </Control>
            </Controls>
            <DataProviders>
                <DataProvider dataType="distribution-view" id="distribution-view_id_6"/>
            </DataProviders>
            <Presentation type="bar-chart"/>
        </ViewDef>
    </Views>
</Content>
